{"_id":{"$oid":"5ddba05efc13ae6c90000064"},"creationDate":"1/16/2019","location":"entrance","userID":{"$oid":"5ddb94c6fc13ae640c000019"}}
{"_id":{"$oid":"5ddba05efc13ae6c90000065"},"creationDate":"5/7/2019","location":"entrance","userID":{"$oid":"5ddb94c6fc13ae640c000015"}}
{"_id":{"$oid":"5ddba05efc13ae6c90000066"},"creationDate":"10/23/2019","location":"livingroom","userID":{"$oid":"5ddb94c6fc13ae640c000023"}}
{"_id":{"$oid":"5ddba05efc13ae6c90000067"},"creationDate":"4/25/2019","location":"bedroom","userID":{"$oid":"5ddb94c6fc13ae640c00001d"}}
{"_id":{"$oid":"5ddba05efc13ae6c90000068"},"creationDate":"1/28/2019","location":"livingroom","userID":{"$oid":"5ddb94c6fc13ae640c000016"}}
{"_id":{"$oid":"5ddba05efc13ae6c90000069"},"creationDate":"5/30/2019","location":"bedroom","userID":{"$oid":"5ddb94c6fc13ae640c000020"}}
{"_id":{"$oid":"5ddba05efc13ae6c9000006a"},"creationDate":"10/11/2019","location":"bedroom","userID":{"$oid":"5ddb94c6fc13ae640c000022"}}
{"_id":{"$oid":"5ddba05efc13ae6c9000006b"},"creationDate":"7/30/2019","location":"bedroom","userID":{"$oid":"5ddb94c6fc13ae640c000021"}}
{"_id":{"$oid":"5ddba05efc13ae6c9000006c"},"creationDate":"12/12/2018","location":"bedroom","userID":{"$oid":"5ddb94c6fc13ae640c00001c"}}
{"_id":{"$oid":"5ddba05efc13ae6c9000006d"},"creationDate":"3/24/2019","location":"entrance","userID":{"$oid":"5ddb94c6fc13ae640c000016"}}
{"_id":{"$oid":"5ddba05efc13ae6c9000006e"},"creationDate":"11/30/2018","location":"bedroom","userID":{"$oid":"5ddb94c6fc13ae640c00001b"}}
{"_id":{"$oid":"5ddba05efc13ae6c9000006f"},"creationDate":"4/8/2019","location":"bedroom","userID":{"$oid":"5ddb94c6fc13ae640c00001e"}}
{"_id":{"$oid":"5ddba05efc13ae6c90000070"},"creationDate":"5/22/2019","location":"bathroom","userID":{"$oid":"5ddb94c6fc13ae640c000026"}}
{"_id":{"$oid":"5ddba05efc13ae6c90000071"},"creationDate":"12/27/2018","location":"entrance","userID":{"$oid":"5ddb94c6fc13ae640c000023"}}
{"_id":{"$oid":"5ddba05efc13ae6c90000072"},"creationDate":"5/8/2019","location":"bedroom","userID":{"$oid":"5ddb94c6fc13ae640c00001e"}}
{"_id":{"$oid":"5ddba05efc13ae6c90000073"},"creationDate":"6/1/2019","location":"bedroom","userID":{"$oid":"5ddb94c6fc13ae640c000014"}}
{"_id":{"$oid":"5ddba05efc13ae6c90000074"},"creationDate":"4/9/2019","location":"entrance","userID":{"$oid":"5ddb94c6fc13ae640c000025"}}
{"_id":{"$oid":"5ddba05efc13ae6c90000075"},"creationDate":"8/5/2019","location":"livingroom","userID":{"$oid":"5ddb94c6fc13ae640c000024"}}
{"_id":{"$oid":"5ddba05efc13ae6c90000076"},"creationDate":"3/8/2019","location":"entrance","userID":{"$oid":"5ddb94c6fc13ae640c000015"}}
{"_id":{"$oid":"5ddba05efc13ae6c90000077"},"creationDate":"10/20/2019","location":"bedroom","userID":{"$oid":"5ddb94c6fc13ae640c000018"}}
{"_id":{"$oid":"5ddba05efc13ae6c90000078"},"creationDate":"5/23/2019","location":"livingroom","userID":{"$oid":"5ddb94c6fc13ae640c00001c"}}
{"_id":{"$oid":"5ddba05efc13ae6c90000079"},"creationDate":"3/16/2019","location":"entrance","userID":{"$oid":"5ddb94c6fc13ae640c000021"}}
{"_id":{"$oid":"5ddba05efc13ae6c9000007a"},"creationDate":"11/4/2019","location":"livingroom","userID":{"$oid":"5ddb94c6fc13ae640c000014"}}
{"_id":{"$oid":"5ddba05efc13ae6c9000007b"},"creationDate":"9/21/2019","location":"livingroom","userID":{"$oid":"5ddb94c6fc13ae640c000017"}}
{"_id":{"$oid":"5ddba05efc13ae6c9000007c"},"creationDate":"11/27/2018","location":"bathroom","userID":{"$oid":"5ddb94c6fc13ae640c000027"}}
{"_id":{"$oid":"5ddba05efc13ae6c9000007d"},"creationDate":"1/31/2019","location":"livingroom","userID":{"$oid":"5ddb94c6fc13ae640c000015"}}
{"_id":{"$oid":"5ddba05efc13ae6c9000007e"},"creationDate":"8/31/2019","location":"livingroom","userID":{"$oid":"5ddb94c6fc13ae640c000026"}}
{"_id":{"$oid":"5ddba05efc13ae6c9000007f"},"creationDate":"8/12/2019","location":"entrance","userID":{"$oid":"5ddb94c6fc13ae640c000023"}}
{"_id":{"$oid":"5ddba05efc13ae6c90000080"},"creationDate":"7/1/2019","location":"livingroom","userID":{"$oid":"5ddb94c6fc13ae640c00001b"}}
{"_id":{"$oid":"5ddba05efc13ae6c90000081"},"creationDate":"7/26/2019","location":"livingroom","userID":{"$oid":"5ddb94c6fc13ae640c000026"}}
{"_id":{"$oid":"5ddba05efc13ae6c90000082"},"creationDate":"9/17/2019","location":"entrance","userID":{"$oid":"5ddb94c6fc13ae640c00001c"}}
{"_id":{"$oid":"5ddba05efc13ae6c90000083"},"creationDate":"3/21/2019","location":"bedroom","userID":{"$oid":"5ddb94c6fc13ae640c000021"}}
{"_id":{"$oid":"5ddba05efc13ae6c90000084"},"creationDate":"2/8/2019","location":"bedroom","userID":{"$oid":"5ddb94c6fc13ae640c000015"}}
{"_id":{"$oid":"5ddba05efc13ae6c90000085"},"creationDate":"7/10/2019","location":"entrance","userID":{"$oid":"5ddb94c6fc13ae640c000025"}}
{"_id":{"$oid":"5ddba05efc13ae6c90000086"},"creationDate":"11/19/2019","location":"bedroom","userID":{"$oid":"5ddb94c6fc13ae640c00001e"}}
{"_id":{"$oid":"5ddba05efc13ae6c90000087"},"creationDate":"2/18/2019","location":"bedroom","userID":{"$oid":"5ddb94c6fc13ae640c000024"}}
{"_id":{"$oid":"5ddba05efc13ae6c90000088"},"creationDate":"2/15/2019","location":"livingroom","userID":{"$oid":"5ddb94c6fc13ae640c00001d"}}
{"_id":{"$oid":"5ddba05efc13ae6c90000089"},"creationDate":"1/28/2019","location":"entrance","userID":{"$oid":"5ddb94c6fc13ae640c00001b"}}
{"_id":{"$oid":"5ddba05efc13ae6c9000008a"},"creationDate":"10/8/2019","location":"bathroom","userID":{"$oid":"5ddb94c6fc13ae640c000017"}}
{"_id":{"$oid":"5ddba05efc13ae6c9000008b"},"creationDate":"10/22/2019","location":"entrance","userID":{"$oid":"5ddb94c6fc13ae640c00001b"}}
{"_id":{"$oid":"5ddba05efc13ae6c9000008c"},"creationDate":"4/11/2019","location":"livingroom","userID":{"$oid":"5ddb94c6fc13ae640c000019"}}
{"_id":{"$oid":"5ddba05efc13ae6c9000008d"},"creationDate":"9/29/2019","location":"entrance","userID":{"$oid":"5ddb94c6fc13ae640c00001b"}}
{"_id":{"$oid":"5ddba05efc13ae6c9000008e"},"creationDate":"7/3/2019","location":"livingroom","userID":{"$oid":"5ddb94c6fc13ae640c000015"}}
{"_id":{"$oid":"5ddba05efc13ae6c9000008f"},"creationDate":"7/3/2019","location":"bathroom","userID":{"$oid":"5ddb94c6fc13ae640c000024"}}
{"_id":{"$oid":"5ddba05efc13ae6c90000090"},"creationDate":"11/6/2019","location":"entrance","userID":{"$oid":"5ddb94c6fc13ae640c000024"}}
{"_id":{"$oid":"5ddba05efc13ae6c90000091"},"creationDate":"1/31/2019","location":"bedroom","userID":{"$oid":"5ddb94c6fc13ae640c000025"}}
{"_id":{"$oid":"5ddba05efc13ae6c90000092"},"creationDate":"6/10/2019","location":"bedroom","userID":{"$oid":"5ddb94c6fc13ae640c000022"}}
{"_id":{"$oid":"5ddba05efc13ae6c90000093"},"creationDate":"12/27/2018","location":"entrance","userID":{"$oid":"5ddb94c6fc13ae640c00001b"}}
{"_id":{"$oid":"5ddba05efc13ae6c90000094"},"creationDate":"9/22/2019","location":"bathroom","userID":{"$oid":"5ddb94c6fc13ae640c00001a"}}
{"_id":{"$oid":"5ddba05efc13ae6c90000095"},"creationDate":"12/4/2018","location":"bedroom","userID":{"$oid":"5ddb94c6fc13ae640c000027"}}
{"_id":{"$oid":"5ddba05efc13ae6c90000096"},"creationDate":"2/5/2019","location":"bathroom","userID":{"$oid":"5ddb94c6fc13ae640c000023"}}
{"_id":{"$oid":"5ddba05efc13ae6c90000097"},"creationDate":"10/10/2019","location":"livingroom","userID":{"$oid":"5ddb94c6fc13ae640c000015"}}
{"_id":{"$oid":"5ddba05efc13ae6c90000098"},"creationDate":"2/15/2019","location":"livingroom","userID":{"$oid":"5ddb94c6fc13ae640c000020"}}
{"_id":{"$oid":"5ddba05efc13ae6c90000099"},"creationDate":"6/12/2019","location":"livingroom","userID":{"$oid":"5ddb94c6fc13ae640c00001d"}}
{"_id":{"$oid":"5ddba05efc13ae6c9000009a"},"creationDate":"8/22/2019","location":"livingroom","userID":{"$oid":"5ddb94c6fc13ae640c000019"}}
{"_id":{"$oid":"5ddba05efc13ae6c9000009b"},"creationDate":"4/1/2019","location":"bedroom","userID":{"$oid":"5ddb94c6fc13ae640c000020"}}
{"_id":{"$oid":"5ddba05efc13ae6c9000009c"},"creationDate":"5/23/2019","location":"entrance","userID":{"$oid":"5ddb94c6fc13ae640c000016"}}
{"_id":{"$oid":"5ddba05efc13ae6c9000009d"},"creationDate":"11/7/2019","location":"bathroom","userID":{"$oid":"5ddb94c6fc13ae640c00001e"}}
{"_id":{"$oid":"5ddba05efc13ae6c9000009e"},"creationDate":"11/24/2019","location":"bedroom","userID":{"$oid":"5ddb94c6fc13ae640c000024"}}
{"_id":{"$oid":"5ddba05efc13ae6c9000009f"},"creationDate":"10/13/2019","location":"entrance","userID":{"$oid":"5ddb94c6fc13ae640c000018"}}
{"_id":{"$oid":"5ddba05efc13ae6c900000a0"},"creationDate":"9/23/2019","location":"bathroom","userID":{"$oid":"5ddb94c6fc13ae640c000020"}}
{"_id":{"$oid":"5ddba05efc13ae6c900000a1"},"creationDate":"7/27/2019","location":"livingroom","userID":{"$oid":"5ddb94c6fc13ae640c000014"}}
{"_id":{"$oid":"5ddba05efc13ae6c900000a2"},"creationDate":"8/20/2019","location":"livingroom","userID":{"$oid":"5ddb94c6fc13ae640c00001f"}}
{"_id":{"$oid":"5ddba05efc13ae6c900000a3"},"creationDate":"2/18/2019","location":"bathroom","userID":{"$oid":"5ddb94c6fc13ae640c00001d"}}
{"_id":{"$oid":"5ddba05efc13ae6c900000a4"},"creationDate":"7/26/2019","location":"bathroom","userID":{"$oid":"5ddb94c6fc13ae640c00001e"}}
{"_id":{"$oid":"5ddba05ffc13ae6c900000a5"},"creationDate":"1/9/2019","location":"livingroom","userID":{"$oid":"5ddb94c6fc13ae640c000025"}}
{"_id":{"$oid":"5ddba05ffc13ae6c900000a6"},"creationDate":"12/5/2018","location":"bedroom","userID":{"$oid":"5ddb94c6fc13ae640c000015"}}
{"_id":{"$oid":"5ddba05ffc13ae6c900000a7"},"creationDate":"7/4/2019","location":"bedroom","userID":{"$oid":"5ddb94c6fc13ae640c00001f"}}
{"_id":{"$oid":"5ddba05ffc13ae6c900000a8"},"creationDate":"7/12/2019","location":"entrance","userID":{"$oid":"5ddb94c6fc13ae640c00001a"}}
{"_id":{"$oid":"5ddba05ffc13ae6c900000a9"},"creationDate":"4/23/2019","location":"livingroom","userID":{"$oid":"5ddb94c6fc13ae640c00001a"}}
{"_id":{"$oid":"5ddba05ffc13ae6c900000aa"},"creationDate":"12/20/2018","location":"livingroom","userID":{"$oid":"5ddb94c6fc13ae640c00001f"}}
{"_id":{"$oid":"5ddba05ffc13ae6c900000ab"},"creationDate":"7/3/2019","location":"entrance","userID":{"$oid":"5ddb94c6fc13ae640c00001f"}}
{"_id":{"$oid":"5ddba05ffc13ae6c900000ac"},"creationDate":"4/8/2019","location":"bedroom","userID":{"$oid":"5ddb94c6fc13ae640c000021"}}
{"_id":{"$oid":"5ddba05ffc13ae6c900000ad"},"creationDate":"1/21/2019","location":"entrance","userID":{"$oid":"5ddb94c6fc13ae640c000022"}}
{"_id":{"$oid":"5ddba05ffc13ae6c900000ae"},"creationDate":"10/30/2019","location":"bathroom","userID":{"$oid":"5ddb94c6fc13ae640c000018"}}
{"_id":{"$oid":"5ddba05ffc13ae6c900000af"},"creationDate":"9/19/2019","location":"bedroom","userID":{"$oid":"5ddb94c6fc13ae640c000022"}}
{"_id":{"$oid":"5ddba05ffc13ae6c900000b0"},"creationDate":"5/5/2019","location":"livingroom","userID":{"$oid":"5ddb94c6fc13ae640c000021"}}
{"_id":{"$oid":"5ddba05ffc13ae6c900000b1"},"creationDate":"6/12/2019","location":"bathroom","userID":{"$oid":"5ddb94c6fc13ae640c00001c"}}
{"_id":{"$oid":"5ddba05ffc13ae6c900000b2"},"creationDate":"11/7/2019","location":"entrance","userID":{"$oid":"5ddb94c6fc13ae640c00001a"}}
{"_id":{"$oid":"5ddba05ffc13ae6c900000b3"},"creationDate":"12/26/2018","location":"livingroom","userID":{"$oid":"5ddb94c6fc13ae640c000019"}}
{"_id":{"$oid":"5ddba05ffc13ae6c900000b4"},"creationDate":"1/14/2019","location":"livingroom","userID":{"$oid":"5ddb94c6fc13ae640c000019"}}
{"_id":{"$oid":"5ddba05ffc13ae6c900000b5"},"creationDate":"3/1/2019","location":"bathroom","userID":{"$oid":"5ddb94c6fc13ae640c000023"}}
{"_id":{"$oid":"5ddba05ffc13ae6c900000b6"},"creationDate":"12/4/2018","location":"livingroom","userID":{"$oid":"5ddb94c6fc13ae640c000017"}}
{"_id":{"$oid":"5ddba05ffc13ae6c900000b7"},"creationDate":"4/17/2019","location":"bedroom","userID":{"$oid":"5ddb94c6fc13ae640c000022"}}
{"_id":{"$oid":"5ddba05ffc13ae6c900000b8"},"creationDate":"11/17/2019","location":"livingroom","userID":{"$oid":"5ddb94c6fc13ae640c000021"}}
{"_id":{"$oid":"5ddba05ffc13ae6c900000b9"},"creationDate":"3/2/2019","location":"livingroom","userID":{"$oid":"5ddb94c6fc13ae640c000014"}}
{"_id":{"$oid":"5ddba05ffc13ae6c900000ba"},"creationDate":"10/6/2019","location":"bathroom","userID":{"$oid":"5ddb94c6fc13ae640c00001f"}}
{"_id":{"$oid":"5ddba05ffc13ae6c900000bb"},"creationDate":"9/11/2019","location":"livingroom","userID":{"$oid":"5ddb94c6fc13ae640c00001c"}}
{"_id":{"$oid":"5ddba05ffc13ae6c900000bc"},"creationDate":"11/30/2018","location":"bedroom","userID":{"$oid":"5ddb94c6fc13ae640c000027"}}
{"_id":{"$oid":"5ddba05ffc13ae6c900000bd"},"creationDate":"6/26/2019","location":"entrance","userID":{"$oid":"5ddb94c6fc13ae640c000022"}}
{"_id":{"$oid":"5ddba05ffc13ae6c900000be"},"creationDate":"3/12/2019","location":"livingroom","userID":{"$oid":"5ddb94c6fc13ae640c000023"}}
{"_id":{"$oid":"5ddba05ffc13ae6c900000bf"},"creationDate":"12/23/2018","location":"bedroom","userID":{"$oid":"5ddb94c6fc13ae640c000025"}}
{"_id":{"$oid":"5ddba05ffc13ae6c900000c0"},"creationDate":"8/20/2019","location":"bedroom","userID":{"$oid":"5ddb94c6fc13ae640c00001d"}}
{"_id":{"$oid":"5ddba05ffc13ae6c900000c1"},"creationDate":"1/23/2019","location":"livingroom","userID":{"$oid":"5ddb94c6fc13ae640c00001c"}}
{"_id":{"$oid":"5ddba05ffc13ae6c900000c2"},"creationDate":"7/24/2019","location":"livingroom","userID":{"$oid":"5ddb94c6fc13ae640c000015"}}
{"_id":{"$oid":"5ddba05ffc13ae6c900000c3"},"creationDate":"4/7/2019","location":"livingroom","userID":{"$oid":"5ddb94c6fc13ae640c000024"}}
{"_id":{"$oid":"5ddba05ffc13ae6c900000c4"},"creationDate":"9/2/2019","location":"entrance","userID":{"$oid":"5ddb94c6fc13ae640c000020"}}
{"_id":{"$oid":"5ddba05ffc13ae6c900000c5"},"creationDate":"6/6/2019","location":"entrance","userID":{"$oid":"5ddb94c6fc13ae640c000014"}}
{"_id":{"$oid":"5ddba05ffc13ae6c900000c6"},"creationDate":"4/2/2019","location":"bedroom","userID":{"$oid":"5ddb94c6fc13ae640c00001f"}}
{"_id":{"$oid":"5ddba05ffc13ae6c900000c7"},"creationDate":"12/28/2018","location":"livingroom","userID":{"$oid":"5ddb94c6fc13ae640c000020"}}