{"location":"argentina","personsInHouse":2,"houseSize":"small","_id":{"$oid":"5ddba3c0fc13ae6c90000514"}}
{"location":"colombia","personsInHouse":4,"houseSize":"big","_id":{"$oid":"5ddba3c0fc13ae6c90000515"}}
{"location":"indonesia","personsInHouse":2,"houseSize":"big","_id":{"$oid":"5ddba3c0fc13ae6c90000516"}}
{"location":"norway","personsInHouse":3,"houseSize":"medium","_id":{"$oid":"5ddba3c0fc13ae6c90000517"}}
{"location":"thailand","personsInHouse":5,"houseSize":"big","_id":{"$oid":"5ddba3c0fc13ae6c90000518"}}
{"location":"china","personsInHouse":4,"houseSize":"small","_id":{"$oid":"5ddba3c0fc13ae6c90000519"}}
{"location":"spain","personsInHouse":3,"houseSize":"small","_id":{"$oid":"5ddba3c0fc13ae6c9000051a"}}
{"location":"china","personsInHouse":5,"houseSize":"medium","_id":{"$oid":"5ddba3c0fc13ae6c9000051b"}}
{"location":"china","personsInHouse":4,"houseSize":"big","_id":{"$oid":"5ddba3c0fc13ae6c9000051c"}}
{"location":"china","personsInHouse":1,"houseSize":"big","_id":{"$oid":"5ddba3c0fc13ae6c9000051d"}}
{"location":"belarus","personsInHouse":3,"houseSize":"medium","_id":{"$oid":"5ddba3c0fc13ae6c9000051e"}}
{"location":"indonesia","personsInHouse":5,"houseSize":"medium","_id":{"$oid":"5ddba3c0fc13ae6c9000051f"}}
{"location":"argentina","personsInHouse":1,"houseSize":"big","_id":{"$oid":"5ddba3c0fc13ae6c90000520"}}
{"location":"portugal","personsInHouse":4,"houseSize":"small","_id":{"$oid":"5ddba3c0fc13ae6c90000521"}}
{"location":"vietnam","personsInHouse":6,"houseSize":"big","_id":{"$oid":"5ddba3c0fc13ae6c90000522"}}
{"location":"portugal","personsInHouse":4,"houseSize":"medium","_id":{"$oid":"5ddba3c0fc13ae6c90000523"}}
{"location":"mali","personsInHouse":3,"houseSize":"medium","_id":{"$oid":"5ddba3c0fc13ae6c90000524"}}
{"location":"france","personsInHouse":4,"houseSize":"small","_id":{"$oid":"5ddba3c0fc13ae6c90000525"}}
{"location":"malaysia","personsInHouse":4,"houseSize":"medium","_id":{"$oid":"5ddba3c0fc13ae6c90000526"}}
{"location":"russia","personsInHouse":6,"houseSize":"small","_id":{"$oid":"5ddba3c0fc13ae6c90000527"}}